{"Task_Duration_Days": 1.990466833114624, "Labor_Required": 0.12389397621154785, "Equipment_Units": 0.08772319555282593, "Material_Cost_USD": 0.1556728035211563, "Start_Constraint": 6.7777533531188965, "Resource_Constraint_Score": 0.582636296749115, "Site_Constraint_Score": 0.5530128479003906, "Dependency_Count": 0.2028890699148178, "Risk_High": 0.24804648756980896, "Risk_Low": 0.2587416172027588, "Risk_Medium": 0.02184814028441906}